PassengerId,Survived,Pclass,Sex,Age,SibSp,Parch,Ticket,Fare,Embarked,Prefix,Cabin
1,0,3,male,22.0,1,0,A/5 21171,7.25,S, Mr,
2,1,1,female,38.0,1,0,PC 17599,71.2833,C, Mrs,C85
3,1,3,female,26.0,0,0,STON/O2. 3101282,7.925,S, Miss,
4,1,1,female,35.0,1,0,113803,53.1,S, Mrs,C123
5,0,3,male,35.0,0,0,373450,8.05,S, Mr,
6,0,3,male,29.69911764705882,0,0,330877,8.4583,Q, Mr,
7,0,1,male,54.0,0,0,17463,51.8625,S, Mr,E46
8,0,3,male,2.0,3,1,349909,21.075,S, Master,
9,1,3,female,27.0,0,2,347742,11.1333,S, Mrs,
10,1,2,female,14.0,1,0,237736,30.0708,C, Mrs,
11,1,3,female,4.0,1,1,PP 9549,16.7,S, Miss,G6
12,1,1,female,58.0,0,0,113783,26.55,S, Miss,C103
13,0,3,male,20.0,0,0,A/5. 2151,8.05,S, Mr,
14,0,3,male,39.0,1,5,347082,31.275,S, Mr,
15,0,3,female,14.0,0,0,350406,7.8542,S, Miss,
16,1,2,female,55.0,0,0,248706,16.0,S, Mrs,
17,0,3,male,2.0,4,1,382652,29.125,Q, Master,
18,1,2,male,29.69911764705882,0,0,244373,13.0,S, Mr,
19,0,3,female,31.0,1,0,345763,18.0,S, Mrs,
20,1,3,female,29.69911764705882,0,0,2649,7.225,C, Mrs,
21,0,2,male,35.0,0,0,239865,26.0,S, Mr,
22,1,2,male,34.0,0,0,248698,13.0,S, Mr,D56
23,1,3,female,15.0,0,0,330923,8.0292,Q, Miss,
24,1,1,male,28.0,0,0,113788,35.5,S, Mr,A6
25,0,3,female,8.0,3,1,349909,21.075,S, Miss,
26,1,3,female,38.0,1,5,347077,31.3875,S, Mrs,
27,0,3,male,29.69911764705882,0,0,2631,7.225,C, Mr,
28,0,1,male,19.0,3,2,19950,263.0,S, Mr,C23 C25 C27
29,1,3,female,29.69911764705882,0,0,330959,7.8792,Q, Miss,
30,0,3,male,29.69911764705882,0,0,349216,7.8958,S, Mr,
31,0,1,male,40.0,0,0,PC 17601,27.7208,C, Don,
32,1,1,female,29.69911764705882,1,0,PC 17569,146.5208,C, Mrs,B78
33,1,3,female,29.69911764705882,0,0,335677,7.75,Q, Miss,
34,0,2,male,66.0,0,0,C.A. 24579,10.5,S, Mr,
35,0,1,male,28.0,1,0,PC 17604,82.1708,C, Mr,
36,0,1,male,42.0,1,0,113789,52.0,S, Mr,
37,1,3,male,29.69911764705882,0,0,2677,7.2292,C, Mr,
38,0,3,male,21.0,0,0,A./5. 2152,8.05,S, Mr,
39,0,3,female,18.0,2,0,345764,18.0,S, Miss,
40,1,3,female,14.0,1,0,2651,11.2417,C, Miss,
41,0,3,female,40.0,1,0,7546,9.475,S, Mrs,
42,0,2,female,27.0,1,0,11668,21.0,S, Mrs,
43,0,3,male,29.69911764705882,0,0,349253,7.8958,C, Mr,
44,1,2,female,3.0,1,2,SC/Paris 2123,41.5792,C, Miss,
45,1,3,female,19.0,0,0,330958,7.8792,Q, Miss,
46,0,3,male,29.69911764705882,0,0,S.C./A.4. 23567,8.05,S, Mr,
47,0,3,male,29.69911764705882,1,0,370371,15.5,Q, Mr,
48,1,3,female,29.69911764705882,0,0,14311,7.75,Q, Miss,
49,0,3,male,29.69911764705882,2,0,2662,21.6792,C, Mr,
50,0,3,female,18.0,1,0,349237,17.8,S, Mrs,
51,0,3,male,7.0,4,1,3101295,39.6875,S, Master,
52,0,3,male,21.0,0,0,A/4. 39886,7.8,S, Mr,
53,1,1,female,49.0,1,0,PC 17572,76.7292,C, Mrs,D33
54,1,2,female,29.0,1,0,2926,26.0,S, Mrs,
55,0,1,male,65.0,0,1,113509,61.9792,C, Mr,B30
56,1,1,male,29.69911764705882,0,0,19947,35.5,S, Mr,C52
57,1,2,female,21.0,0,0,C.A. 31026,10.5,S, Miss,
58,0,3,male,28.5,0,0,2697,7.2292,C, Mr,
59,1,2,female,5.0,1,2,C.A. 34651,27.75,S, Miss,
60,0,3,male,11.0,5,2,CA 2144,46.9,S, Master,
61,0,3,male,22.0,0,0,2669,7.2292,C, Mr,
62,1,1,female,38.0,0,0,113572,80.0,C, Miss,B28
63,0,1,male,45.0,1,0,36973,83.475,S, Mr,C83
64,0,3,male,4.0,3,2,347088,27.9,S, Master,
65,0,1,male,29.69911764705882,0,0,PC 17605,27.7208,C, Mr,
66,1,3,male,29.69911764705882,1,1,2661,15.2458,C, Master,
67,1,2,female,29.0,0,0,C.A. 29395,10.5,S, Mrs,F33
68,0,3,male,19.0,0,0,S.P. 3464,8.1583,S, Mr,
69,1,3,female,17.0,4,2,3101281,7.925,S, Miss,
70,0,3,male,26.0,2,0,315151,8.6625,S, Mr,
71,0,2,male,32.0,0,0,C.A. 33111,10.5,S, Mr,
72,0,3,female,16.0,5,2,CA 2144,46.9,S, Miss,
73,0,2,male,21.0,0,0,S.O.C. 14879,73.5,S, Mr,
74,0,3,male,26.0,1,0,2680,14.4542,C, Mr,
75,1,3,male,32.0,0,0,1601,56.4958,S, Mr,
76,0,3,male,25.0,0,0,348123,7.65,S, Mr,F G73
77,0,3,male,29.69911764705882,0,0,349208,7.8958,S, Mr,
78,0,3,male,29.69911764705882,0,0,374746,8.05,S, Mr,
79,1,2,male,0.83,0,2,248738,29.0,S, Master,
80,1,3,female,30.0,0,0,364516,12.475,S, Miss,
81,0,3,male,22.0,0,0,345767,9.0,S, Mr,
82,1,3,male,29.0,0,0,345779,9.5,S, Mr,
83,1,3,female,29.69911764705882,0,0,330932,7.7875,Q, Miss,
84,0,1,male,28.0,0,0,113059,47.1,S, Mr,
85,1,2,female,17.0,0,0,SO/C 14885,10.5,S, Miss,
86,1,3,female,33.0,3,0,3101278,15.85,S, Mrs,
87,0,3,male,16.0,1,3,W./C. 6608,34.375,S, Mr,
88,0,3,male,29.69911764705882,0,0,SOTON/OQ 392086,8.05,S, Mr,
89,1,1,female,23.0,3,2,19950,263.0,S, Miss,C23 C25 C27
90,0,3,male,24.0,0,0,343275,8.05,S, Mr,
91,0,3,male,29.0,0,0,343276,8.05,S, Mr,
92,0,3,male,20.0,0,0,347466,7.8542,S, Mr,
93,0,1,male,46.0,1,0,W.E.P. 5734,61.175,S, Mr,E31
94,0,3,male,26.0,1,2,C.A. 2315,20.575,S, Mr,
95,0,3,male,59.0,0,0,364500,7.25,S, Mr,
96,0,3,male,29.69911764705882,0,0,374910,8.05,S, Mr,
97,0,1,male,71.0,0,0,PC 17754,34.6542,C, Mr,A5
98,1,1,male,23.0,0,1,PC 17759,63.3583,C, Mr,D10 D12
99,1,2,female,34.0,0,1,231919,23.0,S, Mrs,
100,0,2,male,34.0,1,0,244367,26.0,S, Mr,
101,0,3,female,28.0,0,0,349245,7.8958,S, Miss,
102,0,3,male,29.69911764705882,0,0,349215,7.8958,S, Mr,
103,0,1,male,21.0,0,1,35281,77.2875,S, Mr,D26
104,0,3,male,33.0,0,0,7540,8.6542,S, Mr,
105,0,3,male,37.0,2,0,3101276,7.925,S, Mr,
106,0,3,male,28.0,0,0,349207,7.8958,S, Mr,
107,1,3,female,21.0,0,0,343120,7.65,S, Miss,
108,1,3,male,29.69911764705882,0,0,312991,7.775,S, Mr,
109,0,3,male,38.0,0,0,349249,7.8958,S, Mr,
110,1,3,female,29.69911764705882,1,0,371110,24.15,Q, Miss,
111,0,1,male,47.0,0,0,110465,52.0,S, Mr,C110
112,0,3,female,14.5,1,0,2665,14.4542,C, Miss,
113,0,3,male,22.0,0,0,324669,8.05,S, Mr,
114,0,3,female,20.0,1,0,4136,9.825,S, Miss,
115,0,3,female,17.0,0,0,2627,14.4583,C, Miss,
116,0,3,male,21.0,0,0,STON/O 2. 3101294,7.925,S, Mr,
117,0,3,male,70.5,0,0,370369,7.75,Q, Mr,
118,0,2,male,29.0,1,0,11668,21.0,S, Mr,
119,0,1,male,24.0,0,1,PC 17558,247.5208,C, Mr,B58 B60
120,0,3,female,2.0,4,2,347082,31.275,S, Miss,
121,0,2,male,21.0,2,0,S.O.C. 14879,73.5,S, Mr,
122,0,3,male,29.69911764705882,0,0,A4. 54510,8.05,S, Mr,
123,0,2,male,32.5,1,0,237736,30.0708,C, Mr,
124,1,2,female,32.5,0,0,27267,13.0,S, Miss,E101
125,0,1,male,54.0,0,1,35281,77.2875,S, Mr,D26
126,1,3,male,12.0,1,0,2651,11.2417,C, Master,
127,0,3,male,29.69911764705882,0,0,370372,7.75,Q, Mr,
128,1,3,male,24.0,0,0,C 17369,7.1417,S, Mr,
129,1,3,female,29.69911764705882,1,1,2668,22.3583,C, Miss,F E69
130,0,3,male,45.0,0,0,347061,6.975,S, Mr,
131,0,3,male,33.0,0,0,349241,7.8958,C, Mr,
132,0,3,male,20.0,0,0,SOTON/O.Q. 3101307,7.05,S, Mr,
133,0,3,female,47.0,1,0,A/5. 3337,14.5,S, Mrs,
134,1,2,female,29.0,1,0,228414,26.0,S, Mrs,
135,0,2,male,25.0,0,0,C.A. 29178,13.0,S, Mr,
136,0,2,male,23.0,0,0,SC/PARIS 2133,15.0458,C, Mr,
137,1,1,female,19.0,0,2,11752,26.2833,S, Miss,D47
138,0,1,male,37.0,1,0,113803,53.1,S, Mr,C123
139,0,3,male,16.0,0,0,7534,9.2167,S, Mr,
140,0,1,male,24.0,0,0,PC 17593,79.2,C, Mr,B86
141,0,3,female,29.69911764705882,0,2,2678,15.2458,C, Mrs,
142,1,3,female,22.0,0,0,347081,7.75,S, Miss,
143,1,3,female,24.0,1,0,STON/O2. 3101279,15.85,S, Mrs,
144,0,3,male,19.0,0,0,365222,6.75,Q, Mr,
145,0,2,male,18.0,0,0,231945,11.5,S, Mr,
146,0,2,male,19.0,1,1,C.A. 33112,36.75,S, Mr,
147,1,3,male,27.0,0,0,350043,7.7958,S, Mr,
148,0,3,female,9.0,2,2,W./C. 6608,34.375,S, Miss,
149,0,2,male,36.5,0,2,230080,26.0,S, Mr,F2
150,0,2,male,42.0,0,0,244310,13.0,S, Rev,
151,0,2,male,51.0,0,0,S.O.P. 1166,12.525,S, Rev,
152,1,1,female,22.0,1,0,113776,66.6,S, Mrs,C2
153,0,3,male,55.5,0,0,A.5. 11206,8.05,S, Mr,
154,0,3,male,40.5,0,2,A/5. 851,14.5,S, Mr,
155,0,3,male,29.69911764705882,0,0,Fa 265302,7.3125,S, Mr,
156,0,1,male,51.0,0,1,PC 17597,61.3792,C, Mr,
157,1,3,female,16.0,0,0,35851,7.7333,Q, Miss,
158,0,3,male,30.0,0,0,SOTON/OQ 392090,8.05,S, Mr,
159,0,3,male,29.69911764705882,0,0,315037,8.6625,S, Mr,
160,0,3,male,29.69911764705882,8,2,CA. 2343,69.55,S, Master,
161,0,3,male,44.0,0,1,371362,16.1,S, Mr,
162,1,2,female,40.0,0,0,C.A. 33595,15.75,S, Mrs,
163,0,3,male,26.0,0,0,347068,7.775,S, Mr,
164,0,3,male,17.0,0,0,315093,8.6625,S, Mr,
165,0,3,male,1.0,4,1,3101295,39.6875,S, Master,
166,1,3,male,9.0,0,2,363291,20.525,S, Master,
167,1,1,female,29.69911764705882,0,1,113505,55.0,S, Mrs,E33
168,0,3,female,45.0,1,4,347088,27.9,S, Mrs,
169,0,1,male,29.69911764705882,0,0,PC 17318,25.925,S, Mr,
170,0,3,male,28.0,0,0,1601,56.4958,S, Mr,
171,0,1,male,61.0,0,0,111240,33.5,S, Mr,B19
172,0,3,male,4.0,4,1,382652,29.125,Q, Master,
173,1,3,female,1.0,1,1,347742,11.1333,S, Miss,
174,0,3,male,21.0,0,0,STON/O 2. 3101280,7.925,S, Mr,
175,0,1,male,56.0,0,0,17764,30.6958,C, Mr,A7
176,0,3,male,18.0,1,1,350404,7.8542,S, Mr,
177,0,3,male,29.69911764705882,3,1,4133,25.4667,S, Master,
178,0,1,female,50.0,0,0,PC 17595,28.7125,C, Miss,C49
179,0,2,male,30.0,0,0,250653,13.0,S, Mr,
180,0,3,male,36.0,0,0,LINE,0.0,S, Mr,
181,0,3,female,29.69911764705882,8,2,CA. 2343,69.55,S, Miss,
182,0,2,male,29.69911764705882,0,0,SC/PARIS 2131,15.05,C, Mr,
183,0,3,male,9.0,4,2,347077,31.3875,S, Master,
184,1,2,male,1.0,2,1,230136,39.0,S, Master,F4
185,1,3,female,4.0,0,2,315153,22.025,S, Miss,
186,0,1,male,29.69911764705882,0,0,113767,50.0,S, Mr,A32
187,1,3,female,29.69911764705882,1,0,370365,15.5,Q, Mrs,
188,1,1,male,45.0,0,0,111428,26.55,S, Mr,
189,0,3,male,40.0,1,1,364849,15.5,Q, Mr,
190,0,3,male,36.0,0,0,349247,7.8958,S, Mr,
191,1,2,female,32.0,0,0,234604,13.0,S, Mrs,
192,0,2,male,19.0,0,0,28424,13.0,S, Mr,
193,1,3,female,19.0,1,0,350046,7.8542,S, Miss,
194,1,2,male,3.0,1,1,230080,26.0,S, Master,F2
195,1,1,female,44.0,0,0,PC 17610,27.7208,C, Mrs,B4
196,1,1,female,58.0,0,0,PC 17569,146.5208,C, Miss,B80
197,0,3,male,29.69911764705882,0,0,368703,7.75,Q, Mr,
198,0,3,male,42.0,0,1,4579,8.4042,S, Mr,
199,1,3,female,29.69911764705882,0,0,370370,7.75,Q, Miss,
200,0,2,female,24.0,0,0,248747,13.0,S, Miss,
201,0,3,male,28.0,0,0,345770,9.5,S, Mr,
202,0,3,male,29.69911764705882,8,2,CA. 2343,69.55,S, Mr,
203,0,3,male,34.0,0,0,3101264,6.4958,S, Mr,
204,0,3,male,45.5,0,0,2628,7.225,C, Mr,
205,1,3,male,18.0,0,0,A/5 3540,8.05,S, Mr,
206,0,3,female,2.0,0,1,347054,10.4625,S, Miss,G6
207,0,3,male,32.0,1,0,3101278,15.85,S, Mr,
208,1,3,male,26.0,0,0,2699,18.7875,C, Mr,
209,1,3,female,16.0,0,0,367231,7.75,Q, Miss,
210,1,1,male,40.0,0,0,112277,31.0,C, Mr,A31
211,0,3,male,24.0,0,0,SOTON/O.Q. 3101311,7.05,S, Mr,
212,1,2,female,35.0,0,0,F.C.C. 13528,21.0,S, Miss,
213,0,3,male,22.0,0,0,A/5 21174,7.25,S, Mr,
214,0,2,male,30.0,0,0,250646,13.0,S, Mr,
215,0,3,male,29.69911764705882,1,0,367229,7.75,Q, Mr,
216,1,1,female,31.0,1,0,35273,113.275,C, Miss,D36
217,1,3,female,27.0,0,0,STON/O2. 3101283,7.925,S, Miss,
218,0,2,male,42.0,1,0,243847,27.0,S, Mr,
219,1,1,female,32.0,0,0,11813,76.2917,C, Miss,D15
220,0,2,male,30.0,0,0,W/C 14208,10.5,S, Mr,
221,1,3,male,16.0,0,0,SOTON/OQ 392089,8.05,S, Mr,
222,0,2,male,27.0,0,0,220367,13.0,S, Mr,
223,0,3,male,51.0,0,0,21440,8.05,S, Mr,
224,0,3,male,29.69911764705882,0,0,349234,7.8958,S, Mr,
225,1,1,male,38.0,1,0,19943,90.0,S, Mr,C93
226,0,3,male,22.0,0,0,PP 4348,9.35,S, Mr,
227,1,2,male,19.0,0,0,SW/PP 751,10.5,S, Mr,
228,0,3,male,20.5,0,0,A/5 21173,7.25,S, Mr,
229,0,2,male,18.0,0,0,236171,13.0,S, Mr,
230,0,3,female,29.69911764705882,3,1,4133,25.4667,S, Miss,
231,1,1,female,35.0,1,0,36973,83.475,S, Mrs,C83
232,0,3,male,29.0,0,0,347067,7.775,S, Mr,
233,0,2,male,59.0,0,0,237442,13.5,S, Mr,
234,1,3,female,5.0,4,2,347077,31.3875,S, Miss,
235,0,2,male,24.0,0,0,C.A. 29566,10.5,S, Mr,
236,0,3,female,29.69911764705882,0,0,W./C. 6609,7.55,S, Miss,
237,0,2,male,44.0,1,0,26707,26.0,S, Mr,
238,1,2,female,8.0,0,2,C.A. 31921,26.25,S, Miss,
239,0,2,male,19.0,0,0,28665,10.5,S, Mr,
240,0,2,male,33.0,0,0,SCO/W 1585,12.275,S, Mr,
241,0,3,female,29.69911764705882,1,0,2665,14.4542,C, Miss,
242,1,3,female,29.69911764705882,1,0,367230,15.5,Q, Miss,
243,0,2,male,29.0,0,0,W./C. 14263,10.5,S, Mr,
244,0,3,male,22.0,0,0,STON/O 2. 3101275,7.125,S, Mr,
245,0,3,male,30.0,0,0,2694,7.225,C, Mr,
246,0,1,male,44.0,2,0,19928,90.0,Q, Dr,C78
247,0,3,female,25.0,0,0,347071,7.775,S, Miss,
248,1,2,female,24.0,0,2,250649,14.5,S, Mrs,
249,1,1,male,37.0,1,1,11751,52.5542,S, Mr,D35
250,0,2,male,54.0,1,0,244252,26.0,S, Rev,
251,0,3,male,29.69911764705882,0,0,362316,7.25,S, Mr,
252,0,3,female,29.0,1,1,347054,10.4625,S, Mrs,G6
253,0,1,male,62.0,0,0,113514,26.55,S, Mr,C87
254,0,3,male,30.0,1,0,A/5. 3336,16.1,S, Mr,
255,0,3,female,41.0,0,2,370129,20.2125,S, Mrs,
256,1,3,female,29.0,0,2,2650,15.2458,C, Mrs,
257,1,1,female,29.69911764705882,0,0,PC 17585,79.2,C, Mrs,
258,1,1,female,30.0,0,0,110152,86.5,S, Miss,B77
259,1,1,female,35.0,0,0,PC 17755,512.3292,C, Miss,
260,1,2,female,50.0,0,1,230433,26.0,S, Mrs,
261,0,3,male,29.69911764705882,0,0,384461,7.75,Q, Mr,
262,1,3,male,3.0,4,2,347077,31.3875,S, Master,
263,0,1,male,52.0,1,1,110413,79.65,S, Mr,E67
264,0,1,male,40.0,0,0,112059,0.0,S, Mr,B94
265,0,3,female,29.69911764705882,0,0,382649,7.75,Q, Miss,
266,0,2,male,36.0,0,0,C.A. 17248,10.5,S, Mr,
267,0,3,male,16.0,4,1,3101295,39.6875,S, Mr,
268,1,3,male,25.0,1,0,347083,7.775,S, Mr,
269,1,1,female,58.0,0,1,PC 17582,153.4625,S, Mrs,C125
270,1,1,female,35.0,0,0,PC 17760,135.6333,S, Miss,C99
271,0,1,male,29.69911764705882,0,0,113798,31.0,S, Mr,
272,1,3,male,25.0,0,0,LINE,0.0,S, Mr,
273,1,2,female,41.0,0,1,250644,19.5,S, Mrs,
274,0,1,male,37.0,0,1,PC 17596,29.7,C, Mr,C118
275,1,3,female,29.69911764705882,0,0,370375,7.75,Q, Miss,
276,1,1,female,63.0,1,0,13502,77.9583,S, Miss,D7
277,0,3,female,45.0,0,0,347073,7.75,S, Miss,
278,0,2,male,29.69911764705882,0,0,239853,0.0,S, Mr,
279,0,3,male,7.0,4,1,382652,29.125,Q, Master,
280,1,3,female,35.0,1,1,C.A. 2673,20.25,S, Mrs,
281,0,3,male,65.0,0,0,336439,7.75,Q, Mr,
282,0,3,male,28.0,0,0,347464,7.8542,S, Mr,
283,0,3,male,16.0,0,0,345778,9.5,S, Mr,
284,1,3,male,19.0,0,0,A/5. 10482,8.05,S, Mr,
285,0,1,male,29.69911764705882,0,0,113056,26.0,S, Mr,A19
286,0,3,male,33.0,0,0,349239,8.6625,C, Mr,
287,1,3,male,30.0,0,0,345774,9.5,S, Mr,
288,0,3,male,22.0,0,0,349206,7.8958,S, Mr,
289,1,2,male,42.0,0,0,237798,13.0,S, Mr,
290,1,3,female,22.0,0,0,370373,7.75,Q, Miss,
291,1,1,female,26.0,0,0,19877,78.85,S, Miss,
292,1,1,female,19.0,1,0,11967,91.0792,C, Mrs,B49
293,0,2,male,36.0,0,0,SC/Paris 2163,12.875,C, Mr,D
294,0,3,female,24.0,0,0,349236,8.85,S, Miss,
295,0,3,male,24.0,0,0,349233,7.8958,S, Mr,
296,0,1,male,29.69911764705882,0,0,PC 17612,27.7208,C, Mr,
297,0,3,male,23.5,0,0,2693,7.2292,C, Mr,
298,0,1,female,2.0,1,2,113781,151.55,S, Miss,C22 C26
299,1,1,male,29.69911764705882,0,0,19988,30.5,S, Mr,C106
300,1,1,female,50.0,0,1,PC 17558,247.5208,C, Mrs,B58 B60
301,1,3,female,29.69911764705882,0,0,9234,7.75,Q, Miss,
302,1,3,male,29.69911764705882,2,0,367226,23.25,Q, Mr,
303,0,3,male,19.0,0,0,LINE,0.0,S, Mr,
304,1,2,female,29.69911764705882,0,0,226593,12.35,Q, Miss,E101
305,0,3,male,29.69911764705882,0,0,A/5 2466,8.05,S, Mr,
306,1,1,male,0.92,1,2,113781,151.55,S, Master,C22 C26
307,1,1,female,29.69911764705882,0,0,17421,110.8833,C, Miss,
308,1,1,female,17.0,1,0,PC 17758,108.9,C, Mrs,C65
309,0,2,male,30.0,1,0,P/PP 3381,24.0,C, Mr,
310,1,1,female,30.0,0,0,PC 17485,56.9292,C, Miss,E36
311,1,1,female,24.0,0,0,11767,83.1583,C, Miss,C54
312,1,1,female,18.0,2,2,PC 17608,262.375,C, Miss,B57 B59 B63 B66
313,0,2,female,26.0,1,1,250651,26.0,S, Mrs,
314,0,3,male,28.0,0,0,349243,7.8958,S, Mr,
315,0,2,male,43.0,1,1,F.C.C. 13529,26.25,S, Mr,
316,1,3,female,26.0,0,0,347470,7.8542,S, Miss,
317,1,2,female,24.0,1,0,244367,26.0,S, Mrs,
318,0,2,male,54.0,0,0,29011,14.0,S, Dr,
319,1,1,female,31.0,0,2,36928,164.8667,S, Miss,C7
320,1,1,female,40.0,1,1,16966,134.5,C, Mrs,E34
321,0,3,male,22.0,0,0,A/5 21172,7.25,S, Mr,
322,0,3,male,27.0,0,0,349219,7.8958,S, Mr,
323,1,2,female,30.0,0,0,234818,12.35,Q, Miss,
324,1,2,female,22.0,1,1,248738,29.0,S, Mrs,
325,0,3,male,29.69911764705882,8,2,CA. 2343,69.55,S, Mr,
326,1,1,female,36.0,0,0,PC 17760,135.6333,C, Miss,C32
327,0,3,male,61.0,0,0,345364,6.2375,S, Mr,
328,1,2,female,36.0,0,0,28551,13.0,S, Mrs,D
329,1,3,female,31.0,1,1,363291,20.525,S, Mrs,
330,1,1,female,16.0,0,1,111361,57.9792,C, Miss,B18
331,1,3,female,29.69911764705882,2,0,367226,23.25,Q, Miss,
332,0,1,male,45.5,0,0,113043,28.5,S, Mr,C124
333,0,1,male,38.0,0,1,PC 17582,153.4625,S, Mr,C91
334,0,3,male,16.0,2,0,345764,18.0,S, Mr,
335,1,1,female,29.69911764705882,1,0,PC 17611,133.65,S, Mrs,
336,0,3,male,29.69911764705882,0,0,349225,7.8958,S, Mr,
337,0,1,male,29.0,1,0,113776,66.6,S, Mr,C2
338,1,1,female,41.0,0,0,16966,134.5,C, Miss,E40
339,1,3,male,45.0,0,0,7598,8.05,S, Mr,
340,0,1,male,45.0,0,0,113784,35.5,S, Mr,T
341,1,2,male,2.0,1,1,230080,26.0,S, Master,F2
342,1,1,female,24.0,3,2,19950,263.0,S, Miss,C23 C25 C27
343,0,2,male,28.0,0,0,248740,13.0,S, Mr,
344,0,2,male,25.0,0,0,244361,13.0,S, Mr,
345,0,2,male,36.0,0,0,229236,13.0,S, Mr,
346,1,2,female,24.0,0,0,248733,13.0,S, Miss,F33
347,1,2,female,40.0,0,0,31418,13.0,S, Miss,
348,1,3,female,29.69911764705882,1,0,386525,16.1,S, Mrs,
349,1,3,male,3.0,1,1,C.A. 37671,15.9,S, Master,
350,0,3,male,42.0,0,0,315088,8.6625,S, Mr,
351,0,3,male,23.0,0,0,7267,9.225,S, Mr,
352,0,1,male,29.69911764705882,0,0,113510,35.0,S, Mr,C128
353,0,3,male,15.0,1,1,2695,7.2292,C, Mr,
354,0,3,male,25.0,1,0,349237,17.8,S, Mr,
355,0,3,male,29.69911764705882,0,0,2647,7.225,C, Mr,
356,0,3,male,28.0,0,0,345783,9.5,S, Mr,
357,1,1,female,22.0,0,1,113505,55.0,S, Miss,E33
358,0,2,female,38.0,0,0,237671,13.0,S, Miss,
359,1,3,female,29.69911764705882,0,0,330931,7.8792,Q, Miss,
360,1,3,female,29.69911764705882,0,0,330980,7.8792,Q, Miss,
361,0,3,male,40.0,1,4,347088,27.9,S, Mr,
362,0,2,male,29.0,1,0,SC/PARIS 2167,27.7208,C, Mr,
363,0,3,female,45.0,0,1,2691,14.4542,C, Mrs,
364,0,3,male,35.0,0,0,SOTON/O.Q. 3101310,7.05,S, Mr,
365,0,3,male,29.69911764705882,1,0,370365,15.5,Q, Mr,
366,0,3,male,30.0,0,0,C 7076,7.25,S, Mr,
367,1,1,female,60.0,1,0,110813,75.25,C, Mrs,D37
368,1,3,female,29.69911764705882,0,0,2626,7.2292,C, Mrs,
369,1,3,female,29.69911764705882,0,0,14313,7.75,Q, Miss,
370,1,1,female,24.0,0,0,PC 17477,69.3,C, Mme,B35
371,1,1,male,25.0,1,0,11765,55.4417,C, Mr,E50
372,0,3,male,18.0,1,0,3101267,6.4958,S, Mr,
373,0,3,male,19.0,0,0,323951,8.05,S, Mr,
374,0,1,male,22.0,0,0,PC 17760,135.6333,C, Mr,
375,0,3,female,3.0,3,1,349909,21.075,S, Miss,
376,1,1,female,29.69911764705882,1,0,PC 17604,82.1708,C, Mrs,
377,1,3,female,22.0,0,0,C 7077,7.25,S, Miss,
378,0,1,male,27.0,0,2,113503,211.5,C, Mr,C82
379,0,3,male,20.0,0,0,2648,4.0125,C, Mr,
380,0,3,male,19.0,0,0,347069,7.775,S, Mr,
381,1,1,female,42.0,0,0,PC 17757,227.525,C, Miss,
382,1,3,female,1.0,0,2,2653,15.7417,C, Miss,
383,0,3,male,32.0,0,0,STON/O 2. 3101293,7.925,S, Mr,
384,1,1,female,35.0,1,0,113789,52.0,S, Mrs,
385,0,3,male,29.69911764705882,0,0,349227,7.8958,S, Mr,
386,0,2,male,18.0,0,0,S.O.C. 14879,73.5,S, Mr,
387,0,3,male,1.0,5,2,CA 2144,46.9,S, Master,
388,1,2,female,36.0,0,0,27849,13.0,S, Miss,
389,0,3,male,29.69911764705882,0,0,367655,7.7292,Q, Mr,
390,1,2,female,17.0,0,0,SC 1748,12.0,C, Miss,
391,1,1,male,36.0,1,2,113760,120.0,S, Mr,B96 B98
392,1,3,male,21.0,0,0,350034,7.7958,S, Mr,
393,0,3,male,28.0,2,0,3101277,7.925,S, Mr,
394,1,1,female,23.0,1,0,35273,113.275,C, Miss,D36
395,1,3,female,24.0,0,2,PP 9549,16.7,S, Mrs,G6
396,0,3,male,22.0,0,0,350052,7.7958,S, Mr,
397,0,3,female,31.0,0,0,350407,7.8542,S, Miss,
398,0,2,male,46.0,0,0,28403,26.0,S, Mr,
399,0,2,male,23.0,0,0,244278,10.5,S, Dr,
400,1,2,female,28.0,0,0,240929,12.65,S, Mrs,
401,1,3,male,39.0,0,0,STON/O 2. 3101289,7.925,S, Mr,
402,0,3,male,26.0,0,0,341826,8.05,S, Mr,
403,0,3,female,21.0,1,0,4137,9.825,S, Miss,
404,0,3,male,28.0,1,0,STON/O2. 3101279,15.85,S, Mr,
405,0,3,female,20.0,0,0,315096,8.6625,S, Miss,
406,0,2,male,34.0,1,0,28664,21.0,S, Mr,
407,0,3,male,51.0,0,0,347064,7.75,S, Mr,
408,1,2,male,3.0,1,1,29106,18.75,S, Master,
409,0,3,male,21.0,0,0,312992,7.775,S, Mr,
410,0,3,female,29.69911764705882,3,1,4133,25.4667,S, Miss,
411,0,3,male,29.69911764705882,0,0,349222,7.8958,S, Mr,
412,0,3,male,29.69911764705882,0,0,394140,6.8583,Q, Mr,
413,1,1,female,33.0,1,0,19928,90.0,Q, Miss,C78
414,0,2,male,29.69911764705882,0,0,239853,0.0,S, Mr,
415,1,3,male,44.0,0,0,STON/O 2. 3101269,7.925,S, Mr,
416,0,3,female,29.69911764705882,0,0,343095,8.05,S, Mrs,
417,1,2,female,34.0,1,1,28220,32.5,S, Mrs,
418,1,2,female,18.0,0,2,250652,13.0,S, Miss,
419,0,2,male,30.0,0,0,28228,13.0,S, Mr,
420,0,3,female,10.0,0,2,345773,24.15,S, Miss,
421,0,3,male,29.69911764705882,0,0,349254,7.8958,C, Mr,
422,0,3,male,21.0,0,0,A/5. 13032,7.7333,Q, Mr,
423,0,3,male,29.0,0,0,315082,7.875,S, Mr,
424,0,3,female,28.0,1,1,347080,14.4,S, Mrs,
425,0,3,male,18.0,1,1,370129,20.2125,S, Mr,
426,0,3,male,29.69911764705882,0,0,A/4. 34244,7.25,S, Mr,
427,1,2,female,28.0,1,0,2003,26.0,S, Mrs,
428,1,2,female,19.0,0,0,250655,26.0,S, Miss,
429,0,3,male,29.69911764705882,0,0,364851,7.75,Q, Mr,
430,1,3,male,32.0,0,0,SOTON/O.Q. 392078,8.05,S, Mr,E10
431,1,1,male,28.0,0,0,110564,26.55,S, Mr,C52
432,1,3,female,29.69911764705882,1,0,376564,16.1,S, Mrs,
433,1,2,female,42.0,1,0,SC/AH 3085,26.0,S, Mrs,
434,0,3,male,17.0,0,0,STON/O 2. 3101274,7.125,S, Mr,
435,0,1,male,50.0,1,0,13507,55.9,S, Mr,E44
436,1,1,female,14.0,1,2,113760,120.0,S, Miss,B96 B98
437,0,3,female,21.0,2,2,W./C. 6608,34.375,S, Miss,
438,1,2,female,24.0,2,3,29106,18.75,S, Mrs,
439,0,1,male,64.0,1,4,19950,263.0,S, Mr,C23 C25 C27
440,0,2,male,31.0,0,0,C.A. 18723,10.5,S, Mr,
441,1,2,female,45.0,1,1,F.C.C. 13529,26.25,S, Mrs,
442,0,3,male,20.0,0,0,345769,9.5,S, Mr,
443,0,3,male,25.0,1,0,347076,7.775,S, Mr,
444,1,2,female,28.0,0,0,230434,13.0,S, Ms,
445,1,3,male,29.69911764705882,0,0,65306,8.1125,S, Mr,
446,1,1,male,4.0,0,2,33638,81.8583,S, Master,A34
447,1,2,female,13.0,0,1,250644,19.5,S, Miss,
448,1,1,male,34.0,0,0,113794,26.55,S, Mr,
449,1,3,female,5.0,2,1,2666,19.2583,C, Miss,
450,1,1,male,52.0,0,0,113786,30.5,S, Major,C104
451,0,2,male,36.0,1,2,C.A. 34651,27.75,S, Mr,
452,0,3,male,29.69911764705882,1,0,65303,19.9667,S, Mr,
453,0,1,male,30.0,0,0,113051,27.75,C, Mr,C111
454,1,1,male,49.0,1,0,17453,89.1042,C, Mr,C92
455,0,3,male,29.69911764705882,0,0,A/5 2817,8.05,S, Mr,
456,1,3,male,29.0,0,0,349240,7.8958,C, Mr,
457,0,1,male,65.0,0,0,13509,26.55,S, Mr,E38
458,1,1,female,29.69911764705882,1,0,17464,51.8625,S, Mrs,D21
459,1,2,female,50.0,0,0,F.C.C. 13531,10.5,S, Miss,
460,0,3,male,29.69911764705882,0,0,371060,7.75,Q, Mr,
461,1,1,male,48.0,0,0,19952,26.55,S, Mr,E12
462,0,3,male,34.0,0,0,364506,8.05,S, Mr,
463,0,1,male,47.0,0,0,111320,38.5,S, Mr,E63
464,0,2,male,48.0,0,0,234360,13.0,S, Mr,
465,0,3,male,29.69911764705882,0,0,A/S 2816,8.05,S, Mr,
466,0,3,male,38.0,0,0,SOTON/O.Q. 3101306,7.05,S, Mr,
467,0,2,male,29.69911764705882,0,0,239853,0.0,S, Mr,
468,0,1,male,56.0,0,0,113792,26.55,S, Mr,
469,0,3,male,29.69911764705882,0,0,36209,7.725,Q, Mr,
470,1,3,female,0.75,2,1,2666,19.2583,C, Miss,
471,0,3,male,29.69911764705882,0,0,323592,7.25,S, Mr,
472,0,3,male,38.0,0,0,315089,8.6625,S, Mr,
473,1,2,female,33.0,1,2,C.A. 34651,27.75,S, Mrs,
474,1,2,female,23.0,0,0,SC/AH Basle 541,13.7917,C, Mrs,D
475,0,3,female,22.0,0,0,7553,9.8375,S, Miss,
476,0,1,male,29.69911764705882,0,0,110465,52.0,S, Mr,A14
477,0,2,male,34.0,1,0,31027,21.0,S, Mr,
478,0,3,male,29.0,1,0,3460,7.0458,S, Mr,
479,0,3,male,22.0,0,0,350060,7.5208,S, Mr,
480,1,3,female,2.0,0,1,3101298,12.2875,S, Miss,
481,0,3,male,9.0,5,2,CA 2144,46.9,S, Master,
482,0,2,male,29.69911764705882,0,0,239854,0.0,S, Mr,
483,0,3,male,50.0,0,0,A/5 3594,8.05,S, Mr,
484,1,3,female,63.0,0,0,4134,9.5875,S, Mrs,
485,1,1,male,25.0,1,0,11967,91.0792,C, Mr,B49
486,0,3,female,29.69911764705882,3,1,4133,25.4667,S, Miss,
487,1,1,female,35.0,1,0,19943,90.0,S, Mrs,C93
488,0,1,male,58.0,0,0,11771,29.7,C, Mr,B37
489,0,3,male,30.0,0,0,A.5. 18509,8.05,S, Mr,
490,1,3,male,9.0,1,1,C.A. 37671,15.9,S, Master,
491,0,3,male,29.69911764705882,1,0,65304,19.9667,S, Mr,
492,0,3,male,21.0,0,0,SOTON/OQ 3101317,7.25,S, Mr,
493,0,1,male,55.0,0,0,113787,30.5,S, Mr,C30
494,0,1,male,71.0,0,0,PC 17609,49.5042,C, Mr,
495,0,3,male,21.0,0,0,A/4 45380,8.05,S, Mr,
496,0,3,male,29.69911764705882,0,0,2627,14.4583,C, Mr,
497,1,1,female,54.0,1,0,36947,78.2667,C, Miss,D20
498,0,3,male,29.69911764705882,0,0,C.A. 6212,15.1,S, Mr,
499,0,1,female,25.0,1,2,113781,151.55,S, Mrs,C22 C26
500,0,3,male,24.0,0,0,350035,7.7958,S, Mr,
501,0,3,male,17.0,0,0,315086,8.6625,S, Mr,
502,0,3,female,21.0,0,0,364846,7.75,Q, Miss,
503,0,3,female,29.69911764705882,0,0,330909,7.6292,Q, Miss,
504,0,3,female,37.0,0,0,4135,9.5875,S, Miss,
505,1,1,female,16.0,0,0,110152,86.5,S, Miss,B79
506,0,1,male,18.0,1,0,PC 17758,108.9,C, Mr,C65
507,1,2,female,33.0,0,2,26360,26.0,S, Mrs,
508,1,1,male,29.69911764705882,0,0,111427,26.55,S, Mr,
509,0,3,male,28.0,0,0,C 4001,22.525,S, Mr,
510,1,3,male,26.0,0,0,1601,56.4958,S, Mr,
511,1,3,male,29.0,0,0,382651,7.75,Q, Mr,
512,0,3,male,29.69911764705882,0,0,SOTON/OQ 3101316,8.05,S, Mr,
513,1,1,male,36.0,0,0,PC 17473,26.2875,S, Mr,E25
514,1,1,female,54.0,1,0,PC 17603,59.4,C, Mrs,
515,0,3,male,24.0,0,0,349209,7.4958,S, Mr,
516,0,1,male,47.0,0,0,36967,34.0208,S, Mr,D46
517,1,2,female,34.0,0,0,C.A. 34260,10.5,S, Mrs,F33
518,0,3,male,29.69911764705882,0,0,371110,24.15,Q, Mr,
519,1,2,female,36.0,1,0,226875,26.0,S, Mrs,
520,0,3,male,32.0,0,0,349242,7.8958,S, Mr,
521,1,1,female,30.0,0,0,12749,93.5,S, Miss,B73
522,0,3,male,22.0,0,0,349252,7.8958,S, Mr,
523,0,3,male,29.69911764705882,0,0,2624,7.225,C, Mr,
524,1,1,female,44.0,0,1,111361,57.9792,C, Mrs,B18
525,0,3,male,29.69911764705882,0,0,2700,7.2292,C, Mr,
526,0,3,male,40.5,0,0,367232,7.75,Q, Mr,
527,1,2,female,50.0,0,0,W./C. 14258,10.5,S, Miss,
528,0,1,male,29.69911764705882,0,0,PC 17483,221.7792,S, Mr,C95
529,0,3,male,39.0,0,0,3101296,7.925,S, Mr,
530,0,2,male,23.0,2,1,29104,11.5,S, Mr,
531,1,2,female,2.0,1,1,26360,26.0,S, Miss,
532,0,3,male,29.69911764705882,0,0,2641,7.2292,C, Mr,
533,0,3,male,17.0,1,1,2690,7.2292,C, Mr,
534,1,3,female,29.69911764705882,0,2,2668,22.3583,C, Mrs,
535,0,3,female,30.0,0,0,315084,8.6625,S, Miss,
536,1,2,female,7.0,0,2,F.C.C. 13529,26.25,S, Miss,
537,0,1,male,45.0,0,0,113050,26.55,S, Major,B38
538,1,1,female,30.0,0,0,PC 17761,106.425,C, Miss,
539,0,3,male,29.69911764705882,0,0,364498,14.5,S, Mr,
540,1,1,female,22.0,0,2,13568,49.5,C, Miss,B39
541,1,1,female,36.0,0,2,WE/P 5735,71.0,S, Miss,B22
542,0,3,female,9.0,4,2,347082,31.275,S, Miss,
543,0,3,female,11.0,4,2,347082,31.275,S, Miss,
544,1,2,male,32.0,1,0,2908,26.0,S, Mr,
545,0,1,male,50.0,1,0,PC 17761,106.425,C, Mr,C86
546,0,1,male,64.0,0,0,693,26.0,S, Mr,
547,1,2,female,19.0,1,0,2908,26.0,S, Mrs,
548,1,2,male,29.69911764705882,0,0,SC/PARIS 2146,13.8625,C, Mr,
549,0,3,male,33.0,1,1,363291,20.525,S, Mr,
550,1,2,male,8.0,1,1,C.A. 33112,36.75,S, Master,
551,1,1,male,17.0,0,2,17421,110.8833,C, Mr,C70
552,0,2,male,27.0,0,0,244358,26.0,S, Mr,
553,0,3,male,29.69911764705882,0,0,330979,7.8292,Q, Mr,
554,1,3,male,22.0,0,0,2620,7.225,C, Mr,
555,1,3,female,22.0,0,0,347085,7.775,S, Miss,
556,0,1,male,62.0,0,0,113807,26.55,S, Mr,
557,1,1,female,48.0,1,0,11755,39.6,C, Lady,A16
558,0,1,male,29.69911764705882,0,0,PC 17757,227.525,C, Mr,
559,1,1,female,39.0,1,1,110413,79.65,S, Mrs,E67
560,1,3,female,36.0,1,0,345572,17.4,S, Mrs,
561,0,3,male,29.69911764705882,0,0,372622,7.75,Q, Mr,
562,0,3,male,40.0,0,0,349251,7.8958,S, Mr,
563,0,2,male,28.0,0,0,218629,13.5,S, Mr,
564,0,3,male,29.69911764705882,0,0,SOTON/OQ 392082,8.05,S, Mr,
565,0,3,female,29.69911764705882,0,0,SOTON/O.Q. 392087,8.05,S, Miss,
566,0,3,male,24.0,2,0,A/4 48871,24.15,S, Mr,
567,0,3,male,19.0,0,0,349205,7.8958,S, Mr,
568,0,3,female,29.0,0,4,349909,21.075,S, Mrs,
569,0,3,male,29.69911764705882,0,0,2686,7.2292,C, Mr,
570,1,3,male,32.0,0,0,350417,7.8542,S, Mr,
571,1,2,male,62.0,0,0,S.W./PP 752,10.5,S, Mr,
572,1,1,female,53.0,2,0,11769,51.4792,S, Mrs,C101
573,1,1,male,36.0,0,0,PC 17474,26.3875,S, Mr,E25
574,1,3,female,29.69911764705882,0,0,14312,7.75,Q, Miss,
575,0,3,male,16.0,0,0,A/4. 20589,8.05,S, Mr,
576,0,3,male,19.0,0,0,358585,14.5,S, Mr,
577,1,2,female,34.0,0,0,243880,13.0,S, Miss,
578,1,1,female,39.0,1,0,13507,55.9,S, Mrs,E44
579,0,3,female,29.69911764705882,1,0,2689,14.4583,C, Mrs,
580,1,3,male,32.0,0,0,STON/O 2. 3101286,7.925,S, Mr,
581,1,2,female,25.0,1,1,237789,30.0,S, Miss,
582,1,1,female,39.0,1,1,17421,110.8833,C, Mrs,C68
583,0,2,male,54.0,0,0,28403,26.0,S, Mr,
584,0,1,male,36.0,0,0,13049,40.125,C, Mr,A10
585,0,3,male,29.69911764705882,0,0,3411,8.7125,C, Mr,
586,1,1,female,18.0,0,2,110413,79.65,S, Miss,E68
587,0,2,male,47.0,0,0,237565,15.0,S, Mr,
588,1,1,male,60.0,1,1,13567,79.2,C, Mr,B41
589,0,3,male,22.0,0,0,14973,8.05,S, Mr,
590,0,3,male,29.69911764705882,0,0,A./5. 3235,8.05,S, Mr,
591,0,3,male,35.0,0,0,STON/O 2. 3101273,7.125,S, Mr,
592,1,1,female,52.0,1,0,36947,78.2667,C, Mrs,D20
593,0,3,male,47.0,0,0,A/5 3902,7.25,S, Mr,
594,0,3,female,29.69911764705882,0,2,364848,7.75,Q, Miss,
595,0,2,male,37.0,1,0,SC/AH 29037,26.0,S, Mr,
596,0,3,male,36.0,1,1,345773,24.15,S, Mr,
597,1,2,female,29.69911764705882,0,0,248727,33.0,S, Miss,
598,0,3,male,49.0,0,0,LINE,0.0,S, Mr,
599,0,3,male,29.69911764705882,0,0,2664,7.225,C, Mr,
600,1,1,male,49.0,1,0,PC 17485,56.9292,C, Sir,A20
601,1,2,female,24.0,2,1,243847,27.0,S, Mrs,
602,0,3,male,29.69911764705882,0,0,349214,7.8958,S, Mr,
603,0,1,male,29.69911764705882,0,0,113796,42.4,S, Mr,
604,0,3,male,44.0,0,0,364511,8.05,S, Mr,
605,1,1,male,35.0,0,0,111426,26.55,C, Mr,
606,0,3,male,36.0,1,0,349910,15.55,S, Mr,
607,0,3,male,30.0,0,0,349246,7.8958,S, Mr,
608,1,1,male,27.0,0,0,113804,30.5,S, Mr,
609,1,2,female,22.0,1,2,SC/Paris 2123,41.5792,C, Mrs,
610,1,1,female,40.0,0,0,PC 17582,153.4625,S, Miss,C125
611,0,3,female,39.0,1,5,347082,31.275,S, Mrs,
612,0,3,male,29.69911764705882,0,0,SOTON/O.Q. 3101305,7.05,S, Mr,
613,1,3,female,29.69911764705882,1,0,367230,15.5,Q, Miss,
614,0,3,male,29.69911764705882,0,0,370377,7.75,Q, Mr,
615,0,3,male,35.0,0,0,364512,8.05,S, Mr,
616,1,2,female,24.0,1,2,220845,65.0,S, Miss,
617,0,3,male,34.0,1,1,347080,14.4,S, Mr,
618,0,3,female,26.0,1,0,A/5. 3336,16.1,S, Mrs,
619,1,2,female,4.0,2,1,230136,39.0,S, Miss,F4
620,0,2,male,26.0,0,0,31028,10.5,S, Mr,
621,0,3,male,27.0,1,0,2659,14.4542,C, Mr,
622,1,1,male,42.0,1,0,11753,52.5542,S, Mr,D19
623,1,3,male,20.0,1,1,2653,15.7417,C, Mr,
624,0,3,male,21.0,0,0,350029,7.8542,S, Mr,
625,0,3,male,21.0,0,0,54636,16.1,S, Mr,
626,0,1,male,61.0,0,0,36963,32.3208,S, Mr,D50
627,0,2,male,57.0,0,0,219533,12.35,Q, Rev,
628,1,1,female,21.0,0,0,13502,77.9583,S, Miss,D9
629,0,3,male,26.0,0,0,349224,7.8958,S, Mr,
630,0,3,male,29.69911764705882,0,0,334912,7.7333,Q, Mr,
631,1,1,male,80.0,0,0,27042,30.0,S, Mr,A23
632,0,3,male,51.0,0,0,347743,7.0542,S, Mr,
633,1,1,male,32.0,0,0,13214,30.5,C, Dr,B50
634,0,1,male,29.69911764705882,0,0,112052,0.0,S, Mr,
635,0,3,female,9.0,3,2,347088,27.9,S, Miss,
636,1,2,female,28.0,0,0,237668,13.0,S, Miss,
637,0,3,male,32.0,0,0,STON/O 2. 3101292,7.925,S, Mr,
638,0,2,male,31.0,1,1,C.A. 31921,26.25,S, Mr,
639,0,3,female,41.0,0,5,3101295,39.6875,S, Mrs,
640,0,3,male,29.69911764705882,1,0,376564,16.1,S, Mr,
641,0,3,male,20.0,0,0,350050,7.8542,S, Mr,
642,1,1,female,24.0,0,0,PC 17477,69.3,C, Mlle,B35
643,0,3,female,2.0,3,2,347088,27.9,S, Miss,
644,1,3,male,29.69911764705882,0,0,1601,56.4958,S, Mr,
645,1,3,female,0.75,2,1,2666,19.2583,C, Miss,
646,1,1,male,48.0,1,0,PC 17572,76.7292,C, Mr,D33
647,0,3,male,19.0,0,0,349231,7.8958,S, Mr,
648,1,1,male,56.0,0,0,13213,35.5,C, Col,A26
649,0,3,male,29.69911764705882,0,0,S.O./P.P. 751,7.55,S, Mr,
650,1,3,female,23.0,0,0,CA. 2314,7.55,S, Miss,
651,0,3,male,29.69911764705882,0,0,349221,7.8958,S, Mr,
652,1,2,female,18.0,0,1,231919,23.0,S, Miss,
653,0,3,male,21.0,0,0,8475,8.4333,S, Mr,
654,1,3,female,29.69911764705882,0,0,330919,7.8292,Q, Miss,
655,0,3,female,18.0,0,0,365226,6.75,Q, Miss,
656,0,2,male,24.0,2,0,S.O.C. 14879,73.5,S, Mr,
657,0,3,male,29.69911764705882,0,0,349223,7.8958,S, Mr,
658,0,3,female,32.0,1,1,364849,15.5,Q, Mrs,
659,0,2,male,23.0,0,0,29751,13.0,S, Mr,
660,0,1,male,58.0,0,2,35273,113.275,C, Mr,D48
661,1,1,male,50.0,2,0,PC 17611,133.65,S, Dr,
662,0,3,male,40.0,0,0,2623,7.225,C, Mr,
663,0,1,male,47.0,0,0,5727,25.5875,S, Mr,E58
664,0,3,male,36.0,0,0,349210,7.4958,S, Mr,
665,1,3,male,20.0,1,0,STON/O 2. 3101285,7.925,S, Mr,
666,0,2,male,32.0,2,0,S.O.C. 14879,73.5,S, Mr,
667,0,2,male,25.0,0,0,234686,13.0,S, Mr,
668,0,3,male,29.69911764705882,0,0,312993,7.775,S, Mr,
669,0,3,male,43.0,0,0,A/5 3536,8.05,S, Mr,
670,1,1,female,29.69911764705882,1,0,19996,52.0,S, Mrs,C126
671,1,2,female,40.0,1,1,29750,39.0,S, Mrs,
672,0,1,male,31.0,1,0,F.C. 12750,52.0,S, Mr,B71
673,0,2,male,70.0,0,0,C.A. 24580,10.5,S, Mr,
674,1,2,male,31.0,0,0,244270,13.0,S, Mr,
675,0,2,male,29.69911764705882,0,0,239856,0.0,S, Mr,
676,0,3,male,18.0,0,0,349912,7.775,S, Mr,
677,0,3,male,24.5,0,0,342826,8.05,S, Mr,
678,1,3,female,18.0,0,0,4138,9.8417,S, Miss,
679,0,3,female,43.0,1,6,CA 2144,46.9,S, Mrs,
680,1,1,male,36.0,0,1,PC 17755,512.3292,C, Mr,B51 B53 B55
681,0,3,female,29.69911764705882,0,0,330935,8.1375,Q, Miss,
682,1,1,male,27.0,0,0,PC 17572,76.7292,C, Mr,D49
683,0,3,male,20.0,0,0,6563,9.225,S, Mr,
684,0,3,male,14.0,5,2,CA 2144,46.9,S, Mr,
685,0,2,male,60.0,1,1,29750,39.0,S, Mr,
686,0,2,male,25.0,1,2,SC/Paris 2123,41.5792,C, Mr,
687,0,3,male,14.0,4,1,3101295,39.6875,S, Mr,
688,0,3,male,19.0,0,0,349228,10.1708,S, Mr,
689,0,3,male,18.0,0,0,350036,7.7958,S, Mr,
690,1,1,female,15.0,0,1,24160,211.3375,S, Miss,B5
691,1,1,male,31.0,1,0,17474,57.0,S, Mr,B20
692,1,3,female,4.0,0,1,349256,13.4167,C, Miss,
693,1,3,male,29.69911764705882,0,0,1601,56.4958,S, Mr,
694,0,3,male,25.0,0,0,2672,7.225,C, Mr,
695,0,1,male,60.0,0,0,113800,26.55,S, Col,
696,0,2,male,52.0,0,0,248731,13.5,S, Mr,
697,0,3,male,44.0,0,0,363592,8.05,S, Mr,
698,1,3,female,29.69911764705882,0,0,35852,7.7333,Q, Miss,
699,0,1,male,49.0,1,1,17421,110.8833,C, Mr,C68
700,0,3,male,42.0,0,0,348121,7.65,S, Mr,F G63
701,1,1,female,18.0,1,0,PC 17757,227.525,C, Mrs,C62 C64
702,1,1,male,35.0,0,0,PC 17475,26.2875,S, Mr,E24
703,0,3,female,18.0,0,1,2691,14.4542,C, Miss,
704,0,3,male,25.0,0,0,36864,7.7417,Q, Mr,
705,0,3,male,26.0,1,0,350025,7.8542,S, Mr,
706,0,2,male,39.0,0,0,250655,26.0,S, Mr,
707,1,2,female,45.0,0,0,223596,13.5,S, Mrs,
708,1,1,male,42.0,0,0,PC 17476,26.2875,S, Mr,E24
709,1,1,female,22.0,0,0,113781,151.55,S, Miss,
710,1,3,male,29.69911764705882,1,1,2661,15.2458,C, Master,
711,1,1,female,24.0,0,0,PC 17482,49.5042,C, Mlle,C90
712,0,1,male,29.69911764705882,0,0,113028,26.55,S, Mr,C124
713,1,1,male,48.0,1,0,19996,52.0,S, Mr,C126
714,0,3,male,29.0,0,0,7545,9.4833,S, Mr,
715,0,2,male,52.0,0,0,250647,13.0,S, Mr,
716,0,3,male,19.0,0,0,348124,7.65,S, Mr,F G73
717,1,1,female,38.0,0,0,PC 17757,227.525,C, Miss,C45
718,1,2,female,27.0,0,0,34218,10.5,S, Miss,E101
719,0,3,male,29.69911764705882,0,0,36568,15.5,Q, Mr,
720,0,3,male,33.0,0,0,347062,7.775,S, Mr,
721,1,2,female,6.0,0,1,248727,33.0,S, Miss,
722,0,3,male,17.0,1,0,350048,7.0542,S, Mr,
723,0,2,male,34.0,0,0,12233,13.0,S, Mr,
724,0,2,male,50.0,0,0,250643,13.0,S, Mr,
725,1,1,male,27.0,1,0,113806,53.1,S, Mr,E8
726,0,3,male,20.0,0,0,315094,8.6625,S, Mr,
727,1,2,female,30.0,3,0,31027,21.0,S, Mrs,
728,1,3,female,29.69911764705882,0,0,36866,7.7375,Q, Miss,
729,0,2,male,25.0,1,0,236853,26.0,S, Mr,
730,0,3,female,25.0,1,0,STON/O2. 3101271,7.925,S, Miss,
731,1,1,female,29.0,0,0,24160,211.3375,S, Miss,B5
732,0,3,male,11.0,0,0,2699,18.7875,C, Mr,
733,0,2,male,29.69911764705882,0,0,239855,0.0,S, Mr,
734,0,2,male,23.0,0,0,28425,13.0,S, Mr,
735,0,2,male,23.0,0,0,233639,13.0,S, Mr,
736,0,3,male,28.5,0,0,54636,16.1,S, Mr,
737,0,3,female,48.0,1,3,W./C. 6608,34.375,S, Mrs,
738,1,1,male,35.0,0,0,PC 17755,512.3292,C, Mr,B101
739,0,3,male,29.69911764705882,0,0,349201,7.8958,S, Mr,
740,0,3,male,29.69911764705882,0,0,349218,7.8958,S, Mr,
741,1,1,male,29.69911764705882,0,0,16988,30.0,S, Mr,D45
742,0,1,male,36.0,1,0,19877,78.85,S, Mr,C46
743,1,1,female,21.0,2,2,PC 17608,262.375,C, Miss,B57 B59 B63 B66
744,0,3,male,24.0,1,0,376566,16.1,S, Mr,
745,1,3,male,31.0,0,0,STON/O 2. 3101288,7.925,S, Mr,
746,0,1,male,70.0,1,1,WE/P 5735,71.0,S, Capt,B22
747,0,3,male,16.0,1,1,C.A. 2673,20.25,S, Mr,
748,1,2,female,30.0,0,0,250648,13.0,S, Miss,
749,0,1,male,19.0,1,0,113773,53.1,S, Mr,D30
750,0,3,male,31.0,0,0,335097,7.75,Q, Mr,
751,1,2,female,4.0,1,1,29103,23.0,S, Miss,
752,1,3,male,6.0,0,1,392096,12.475,S, Master,E121
753,0,3,male,33.0,0,0,345780,9.5,S, Mr,
754,0,3,male,23.0,0,0,349204,7.8958,S, Mr,
755,1,2,female,48.0,1,2,220845,65.0,S, Mrs,
756,1,2,male,0.67,1,1,250649,14.5,S, Master,
757,0,3,male,28.0,0,0,350042,7.7958,S, Mr,
758,0,2,male,18.0,0,0,29108,11.5,S, Mr,
759,0,3,male,34.0,0,0,363294,8.05,S, Mr,
760,1,1,female,33.0,0,0,110152,86.5,S, the Countess,B77
761,0,3,male,29.69911764705882,0,0,358585,14.5,S, Mr,
762,0,3,male,41.0,0,0,SOTON/O2 3101272,7.125,S, Mr,
763,1,3,male,20.0,0,0,2663,7.2292,C, Mr,
764,1,1,female,36.0,1,2,113760,120.0,S, Mrs,B96 B98
765,0,3,male,16.0,0,0,347074,7.775,S, Mr,
766,1,1,female,51.0,1,0,13502,77.9583,S, Mrs,D11
767,0,1,male,29.69911764705882,0,0,112379,39.6,C, Dr,
768,0,3,female,30.5,0,0,364850,7.75,Q, Miss,
769,0,3,male,29.69911764705882,1,0,371110,24.15,Q, Mr,
770,0,3,male,32.0,0,0,8471,8.3625,S, Mr,
771,0,3,male,24.0,0,0,345781,9.5,S, Mr,
772,0,3,male,48.0,0,0,350047,7.8542,S, Mr,
773,0,2,female,57.0,0,0,S.O./P.P. 3,10.5,S, Mrs,E77
774,0,3,male,29.69911764705882,0,0,2674,7.225,C, Mr,
775,1,2,female,54.0,1,3,29105,23.0,S, Mrs,
776,0,3,male,18.0,0,0,347078,7.75,S, Mr,
777,0,3,male,29.69911764705882,0,0,383121,7.75,Q, Mr,F38
778,1,3,female,5.0,0,0,364516,12.475,S, Miss,
779,0,3,male,29.69911764705882,0,0,36865,7.7375,Q, Mr,
780,1,1,female,43.0,0,1,24160,211.3375,S, Mrs,B3
781,1,3,female,13.0,0,0,2687,7.2292,C, Miss,
782,1,1,female,17.0,1,0,17474,57.0,S, Mrs,B20
783,0,1,male,29.0,0,0,113501,30.0,S, Mr,D6
784,0,3,male,29.69911764705882,1,2,W./C. 6607,23.45,S, Mr,
785,0,3,male,25.0,0,0,SOTON/O.Q. 3101312,7.05,S, Mr,
786,0,3,male,25.0,0,0,374887,7.25,S, Mr,
787,1,3,female,18.0,0,0,3101265,7.4958,S, Miss,
788,0,3,male,8.0,4,1,382652,29.125,Q, Master,
789,1,3,male,1.0,1,2,C.A. 2315,20.575,S, Master,
790,0,1,male,46.0,0,0,PC 17593,79.2,C, Mr,B82 B84
791,0,3,male,29.69911764705882,0,0,12460,7.75,Q, Mr,
792,0,2,male,16.0,0,0,239865,26.0,S, Mr,
793,0,3,female,29.69911764705882,8,2,CA. 2343,69.55,S, Miss,
794,0,1,male,29.69911764705882,0,0,PC 17600,30.6958,C, Mr,
795,0,3,male,25.0,0,0,349203,7.8958,S, Mr,
796,0,2,male,39.0,0,0,28213,13.0,S, Mr,
797,1,1,female,49.0,0,0,17465,25.9292,S, Dr,D17
798,1,3,female,31.0,0,0,349244,8.6833,S, Mrs,
799,0,3,male,30.0,0,0,2685,7.2292,C, Mr,
800,0,3,female,30.0,1,1,345773,24.15,S, Mrs,
801,0,2,male,34.0,0,0,250647,13.0,S, Mr,
802,1,2,female,31.0,1,1,C.A. 31921,26.25,S, Mrs,
803,1,1,male,11.0,1,2,113760,120.0,S, Master,B96 B98
804,1,3,male,0.42,0,1,2625,8.5167,C, Master,
805,1,3,male,27.0,0,0,347089,6.975,S, Mr,
806,0,3,male,31.0,0,0,347063,7.775,S, Mr,
807,0,1,male,39.0,0,0,112050,0.0,S, Mr,A36
808,0,3,female,18.0,0,0,347087,7.775,S, Miss,
809,0,2,male,39.0,0,0,248723,13.0,S, Mr,
810,1,1,female,33.0,1,0,113806,53.1,S, Mrs,E8
811,0,3,male,26.0,0,0,3474,7.8875,S, Mr,
812,0,3,male,39.0,0,0,A/4 48871,24.15,S, Mr,
813,0,2,male,35.0,0,0,28206,10.5,S, Mr,
814,0,3,female,6.0,4,2,347082,31.275,S, Miss,
815,0,3,male,30.5,0,0,364499,8.05,S, Mr,
816,0,1,male,29.69911764705882,0,0,112058,0.0,S, Mr,B102
817,0,3,female,23.0,0,0,STON/O2. 3101290,7.925,S, Miss,
818,0,2,male,31.0,1,1,S.C./PARIS 2079,37.0042,C, Mr,
819,0,3,male,43.0,0,0,C 7075,6.45,S, Mr,
820,0,3,male,10.0,3,2,347088,27.9,S, Master,
821,1,1,female,52.0,1,1,12749,93.5,S, Mrs,B69
822,1,3,male,27.0,0,0,315098,8.6625,S, Mr,
823,0,1,male,38.0,0,0,19972,0.0,S, Jonkheer,
824,1,3,female,27.0,0,1,392096,12.475,S, Mrs,E121
825,0,3,male,2.0,4,1,3101295,39.6875,S, Master,
826,0,3,male,29.69911764705882,0,0,368323,6.95,Q, Mr,
827,0,3,male,29.69911764705882,0,0,1601,56.4958,S, Mr,
828,1,2,male,1.0,0,2,S.C./PARIS 2079,37.0042,C, Master,
829,1,3,male,29.69911764705882,0,0,367228,7.75,Q, Mr,
830,1,1,female,62.0,0,0,113572,80.0,Q, Mrs,B28
831,1,3,female,15.0,1,0,2659,14.4542,C, Mrs,
832,1,2,male,0.83,1,1,29106,18.75,S, Master,
833,0,3,male,29.69911764705882,0,0,2671,7.2292,C, Mr,
834,0,3,male,23.0,0,0,347468,7.8542,S, Mr,
835,0,3,male,18.0,0,0,2223,8.3,S, Mr,
836,1,1,female,39.0,1,1,PC 17756,83.1583,C, Miss,E49
837,0,3,male,21.0,0,0,315097,8.6625,S, Mr,
838,0,3,male,29.69911764705882,0,0,392092,8.05,S, Mr,
839,1,3,male,32.0,0,0,1601,56.4958,S, Mr,
840,1,1,male,29.69911764705882,0,0,11774,29.7,C, Mr,C47
841,0,3,male,20.0,0,0,SOTON/O2 3101287,7.925,S, Mr,
842,0,2,male,16.0,0,0,S.O./P.P. 3,10.5,S, Mr,
843,1,1,female,30.0,0,0,113798,31.0,C, Miss,
844,0,3,male,34.5,0,0,2683,6.4375,C, Mr,
845,0,3,male,17.0,0,0,315090,8.6625,S, Mr,
846,0,3,male,42.0,0,0,C.A. 5547,7.55,S, Mr,
847,0,3,male,29.69911764705882,8,2,CA. 2343,69.55,S, Mr,
848,0,3,male,35.0,0,0,349213,7.8958,C, Mr,
849,0,2,male,28.0,0,1,248727,33.0,S, Rev,
850,1,1,female,29.69911764705882,1,0,17453,89.1042,C, Mrs,C92
851,0,3,male,4.0,4,2,347082,31.275,S, Master,
852,0,3,male,74.0,0,0,347060,7.775,S, Mr,
853,0,3,female,9.0,1,1,2678,15.2458,C, Miss,
854,1,1,female,16.0,0,1,PC 17592,39.4,S, Miss,D28
855,0,2,female,44.0,1,0,244252,26.0,S, Mrs,
856,1,3,female,18.0,0,1,392091,9.35,S, Mrs,
857,1,1,female,45.0,1,1,36928,164.8667,S, Mrs,
858,1,1,male,51.0,0,0,113055,26.55,S, Mr,E17
859,1,3,female,24.0,0,3,2666,19.2583,C, Mrs,
860,0,3,male,29.69911764705882,0,0,2629,7.2292,C, Mr,
861,0,3,male,41.0,2,0,350026,14.1083,S, Mr,
862,0,2,male,21.0,1,0,28134,11.5,S, Mr,
863,1,1,female,48.0,0,0,17466,25.9292,S, Mrs,D17
864,0,3,female,29.69911764705882,8,2,CA. 2343,69.55,S, Miss,
865,0,2,male,24.0,0,0,233866,13.0,S, Mr,
866,1,2,female,42.0,0,0,236852,13.0,S, Mrs,
867,1,2,female,27.0,1,0,SC/PARIS 2149,13.8583,C, Miss,
868,0,1,male,31.0,0,0,PC 17590,50.4958,S, Mr,A24
869,0,3,male,29.69911764705882,0,0,345777,9.5,S, Mr,
870,1,3,male,4.0,1,1,347742,11.1333,S, Master,
871,0,3,male,26.0,0,0,349248,7.8958,S, Mr,
872,1,1,female,47.0,1,1,11751,52.5542,S, Mrs,D35
873,0,1,male,33.0,0,0,695,5.0,S, Mr,B51 B53 B55
874,0,3,male,47.0,0,0,345765,9.0,S, Mr,
875,1,2,female,28.0,1,0,P/PP 3381,24.0,C, Mrs,
876,1,3,female,15.0,0,0,2667,7.225,C, Miss,
877,0,3,male,20.0,0,0,7534,9.8458,S, Mr,
878,0,3,male,19.0,0,0,349212,7.8958,S, Mr,
879,0,3,male,29.69911764705882,0,0,349217,7.8958,S, Mr,
880,1,1,female,56.0,0,1,11767,83.1583,C, Mrs,C50
881,1,2,female,25.0,0,1,230433,26.0,S, Mrs,
882,0,3,male,33.0,0,0,349257,7.8958,S, Mr,
883,0,3,female,22.0,0,0,7552,10.5167,S, Miss,
884,0,2,male,28.0,0,0,C.A./SOTON 34068,10.5,S, Mr,
885,0,3,male,25.0,0,0,SOTON/OQ 392076,7.05,S, Mr,
886,0,3,female,39.0,0,5,382652,29.125,Q, Mrs,
887,0,2,male,27.0,0,0,211536,13.0,S, Rev,
888,1,1,female,19.0,0,0,112053,30.0,S, Miss,B42
889,0,3,female,29.69911764705882,1,2,W./C. 6607,23.45,S, Miss,
890,1,1,male,26.0,0,0,111369,30.0,C, Mr,C148
891,0,3,male,32.0,0,0,370376,7.75,Q, Mr,
